[{"model": "admin.logentry", "pk": 1, "fields": {"action_time": "2025-05-14T08:21:38.766Z", "user": 1, "content_type": 11, "object_id": "1", "object_repr": "Autor: Barron's", "action_flag": 1, "change_message": "[{\"added\": {}}]"}}, {"model": "admin.logentry", "pk": 2, "fields": {"action_time": "2025-05-14T08:22:03.002Z", "user": 1, "content_type": 12, "object_id": "1", "object_repr": "Título: Elon Musk reaching Mars", "action_flag": 1, "change_message": "[{\"added\": {}}]"}}, {"model": "admin.logentry", "pk": 3, "fields": {"action_time": "2025-05-14T08:24:05.468Z", "user": 1, "content_type": 11, "object_id": "2", "object_repr": "Autor: Alex Tabetts", "action_flag": 1, "change_message": "[{\"added\": {}}]"}}, {"model": "admin.logentry", "pk": 4, "fields": {"action_time": "2025-05-14T08:24:19.994Z", "user": 1, "content_type": 12, "object_id": "2", "object_repr": "Título: Liverpool wins English Premier League title", "action_flag": 1, "change_message": "[{\"added\": {}}]"}}, {"model": "admin.logentry", "pk": 5, "fields": {"action_time": "2025-05-20T16:41:22.269Z", "user": 1, "content_type": 4, "object_id": "3", "object_repr": "Rodriguez", "action_flag": 3, "change_message": ""}}, {"model": "admin.logentry", "pk": 6, "fields": {"action_time": "2025-05-20T18:07:12.191Z", "user": 1, "content_type": 24, "object_id": "1", "object_repr": "django-gmail-api", "action_flag": 1, "change_message": "[{\"added\": {}}]"}}, {"model": "admin.logentry", "pk": 7, "fields": {"action_time": "2025-05-22T16:18:30.744Z", "user": 1, "content_type": 26, "object_id": "1", "object_repr": "Lucio", "action_flag": 1, "change_message": "[{\"added\": {}}]"}}, {"model": "admin.logentry", "pk": 8, "fields": {"action_time": "2025-05-22T16:18:32.445Z", "user": 1, "content_type": 26, "object_id": "1", "object_repr": "Lucio", "action_flag": 2, "change_message": "[]"}}, {"model": "admin.logentry", "pk": 9, "fields": {"action_time": "2025-05-22T16:18:49.952Z", "user": 1, "content_type": 26, "object_id": "2", "object_repr": "Duarte Neves", "action_flag": 1, "change_message": "[{\"added\": {}}]"}}, {"model": "admin.logentry", "pk": 10, "fields": {"action_time": "2025-05-22T16:19:38.851Z", "user": 1, "content_type": 26, "object_id": "3", "object_repr": "houda", "action_flag": 1, "change_message": "[{\"added\": {}}]"}}, {"model": "admin.logentry", "pk": 11, "fields": {"action_time": "2025-05-22T17:30:51.979Z", "user": 1, "content_type": 27, "object_id": "1", "object_repr": "Web Development", "action_flag": 1, "change_message": "[{\"added\": {}}]"}}, {"model": "admin.logentry", "pk": 12, "fields": {"action_time": "2025-05-22T17:31:14.948Z", "user": 1, "content_type": 27, "object_id": "2", "object_repr": "POO", "action_flag": 1, "change_message": "[{\"added\": {}}]"}}, {"model": "admin.logentry", "pk": 13, "fields": {"action_time": "2025-05-22T17:31:44.014Z", "user": 1, "content_type": 27, "object_id": "3", "object_repr": "Arduinos", "action_flag": 1, "change_message": "[{\"added\": {}}]"}}, {"model": "auth.permission", "pk": 1, "fields": {"name": "Can add log entry", "content_type": 1, "codename": "add_logentry"}}, {"model": "auth.permission", "pk": 2, "fields": {"name": "Can change log entry", "content_type": 1, "codename": "change_logentry"}}, {"model": "auth.permission", "pk": 3, "fields": {"name": "Can delete log entry", "content_type": 1, "codename": "delete_logentry"}}, {"model": "auth.permission", "pk": 4, "fields": {"name": "Can view log entry", "content_type": 1, "codename": "view_logentry"}}, {"model": "auth.permission", "pk": 5, "fields": {"name": "Can add permission", "content_type": 2, "codename": "add_permission"}}, {"model": "auth.permission", "pk": 6, "fields": {"name": "Can change permission", "content_type": 2, "codename": "change_permission"}}, {"model": "auth.permission", "pk": 7, "fields": {"name": "Can delete permission", "content_type": 2, "codename": "delete_permission"}}, {"model": "auth.permission", "pk": 8, "fields": {"name": "Can view permission", "content_type": 2, "codename": "view_permission"}}, {"model": "auth.permission", "pk": 9, "fields": {"name": "Can add group", "content_type": 3, "codename": "add_group"}}, {"model": "auth.permission", "pk": 10, "fields": {"name": "Can change group", "content_type": 3, "codename": "change_group"}}, {"model": "auth.permission", "pk": 11, "fields": {"name": "Can delete group", "content_type": 3, "codename": "delete_group"}}, {"model": "auth.permission", "pk": 12, "fields": {"name": "Can view group", "content_type": 3, "codename": "view_group"}}, {"model": "auth.permission", "pk": 13, "fields": {"name": "Can add user", "content_type": 4, "codename": "add_user"}}, {"model": "auth.permission", "pk": 14, "fields": {"name": "Can change user", "content_type": 4, "codename": "change_user"}}, {"model": "auth.permission", "pk": 15, "fields": {"name": "Can delete user", "content_type": 4, "codename": "delete_user"}}, {"model": "auth.permission", "pk": 16, "fields": {"name": "Can view user", "content_type": 4, "codename": "view_user"}}, {"model": "auth.permission", "pk": 17, "fields": {"name": "Can add content type", "content_type": 5, "codename": "add_contenttype"}}, {"model": "auth.permission", "pk": 18, "fields": {"name": "Can change content type", "content_type": 5, "codename": "change_contenttype"}}, {"model": "auth.permission", "pk": 19, "fields": {"name": "Can delete content type", "content_type": 5, "codename": "delete_contenttype"}}, {"model": "auth.permission", "pk": 20, "fields": {"name": "Can view content type", "content_type": 5, "codename": "view_contenttype"}}, {"model": "auth.permission", "pk": 21, "fields": {"name": "Can add session", "content_type": 6, "codename": "add_session"}}, {"model": "auth.permission", "pk": 22, "fields": {"name": "Can change session", "content_type": 6, "codename": "change_session"}}, {"model": "auth.permission", "pk": 23, "fields": {"name": "Can delete session", "content_type": 6, "codename": "delete_session"}}, {"model": "auth.permission", "pk": 24, "fields": {"name": "Can view session", "content_type": 6, "codename": "view_session"}}, {"model": "auth.permission", "pk": 25, "fields": {"name": "Can add pessoa", "content_type": 7, "codename": "add_pessoa"}}, {"model": "auth.permission", "pk": 26, "fields": {"name": "Can change pessoa", "content_type": 7, "codename": "change_pessoa"}}, {"model": "auth.permission", "pk": 27, "fields": {"name": "Can delete pessoa", "content_type": 7, "codename": "delete_pessoa"}}, {"model": "auth.permission", "pk": 28, "fields": {"name": "Can view pessoa", "content_type": 7, "codename": "view_pessoa"}}, {"model": "auth.permission", "pk": 29, "fields": {"name": "Can add artista", "content_type": 8, "codename": "add_artista"}}, {"model": "auth.permission", "pk": 30, "fields": {"name": "Can change artista", "content_type": 8, "codename": "change_artista"}}, {"model": "auth.permission", "pk": 31, "fields": {"name": "Can delete artista", "content_type": 8, "codename": "delete_artista"}}, {"model": "auth.permission", "pk": 32, "fields": {"name": "Can view artista", "content_type": 8, "codename": "view_artista"}}, {"model": "auth.permission", "pk": 33, "fields": {"name": "Can add album", "content_type": 9, "codename": "add_album"}}, {"model": "auth.permission", "pk": 34, "fields": {"name": "Can change album", "content_type": 9, "codename": "change_album"}}, {"model": "auth.permission", "pk": 35, "fields": {"name": "Can delete album", "content_type": 9, "codename": "delete_album"}}, {"model": "auth.permission", "pk": 36, "fields": {"name": "Can view album", "content_type": 9, "codename": "view_album"}}, {"model": "auth.permission", "pk": 37, "fields": {"name": "Can add musica", "content_type": 10, "codename": "add_musica"}}, {"model": "auth.permission", "pk": 38, "fields": {"name": "Can change musica", "content_type": 10, "codename": "change_musica"}}, {"model": "auth.permission", "pk": 39, "fields": {"name": "Can delete musica", "content_type": 10, "codename": "delete_musica"}}, {"model": "auth.permission", "pk": 40, "fields": {"name": "Can view musica", "content_type": 10, "codename": "view_musica"}}, {"model": "auth.permission", "pk": 41, "fields": {"name": "Can add autor", "content_type": 11, "codename": "add_autor"}}, {"model": "auth.permission", "pk": 42, "fields": {"name": "Can change autor", "content_type": 11, "codename": "change_autor"}}, {"model": "auth.permission", "pk": 43, "fields": {"name": "Can delete autor", "content_type": 11, "codename": "delete_autor"}}, {"model": "auth.permission", "pk": 44, "fields": {"name": "Can view autor", "content_type": 11, "codename": "view_autor"}}, {"model": "auth.permission", "pk": 45, "fields": {"name": "Can add artigo", "content_type": 12, "codename": "add_artigo"}}, {"model": "auth.permission", "pk": 46, "fields": {"name": "Can change artigo", "content_type": 12, "codename": "change_artigo"}}, {"model": "auth.permission", "pk": 47, "fields": {"name": "Can delete artigo", "content_type": 12, "codename": "delete_artigo"}}, {"model": "auth.permission", "pk": 48, "fields": {"name": "Can view artigo", "content_type": 12, "codename": "view_artigo"}}, {"model": "auth.permission", "pk": 49, "fields": {"name": "Can add comentario", "content_type": 13, "codename": "add_comentario"}}, {"model": "auth.permission", "pk": 50, "fields": {"name": "Can change comentario", "content_type": 13, "codename": "change_comentario"}}, {"model": "auth.permission", "pk": 51, "fields": {"name": "Can delete comentario", "content_type": 13, "codename": "delete_comentario"}}, {"model": "auth.permission", "pk": 52, "fields": {"name": "Can view comentario", "content_type": 13, "codename": "view_comentario"}}, {"model": "auth.permission", "pk": 53, "fields": {"name": "Can add rating", "content_type": 14, "codename": "add_rating"}}, {"model": "auth.permission", "pk": 54, "fields": {"name": "Can change rating", "content_type": 14, "codename": "change_rating"}}, {"model": "auth.permission", "pk": 55, "fields": {"name": "Can delete rating", "content_type": 14, "codename": "delete_rating"}}, {"model": "auth.permission", "pk": 56, "fields": {"name": "Can view rating", "content_type": 14, "codename": "view_rating"}}, {"model": "auth.permission", "pk": 57, "fields": {"name": "Can add disciplina", "content_type": 15, "codename": "add_disciplina"}}, {"model": "auth.permission", "pk": 58, "fields": {"name": "Can change disciplina", "content_type": 15, "codename": "change_disciplina"}}, {"model": "auth.permission", "pk": 59, "fields": {"name": "Can delete disciplina", "content_type": 15, "codename": "delete_disciplina"}}, {"model": "auth.permission", "pk": 60, "fields": {"name": "Can view disciplina", "content_type": 15, "codename": "view_disciplina"}}, {"model": "auth.permission", "pk": 61, "fields": {"name": "Can add tecnologia", "content_type": 16, "codename": "add_tecnologia"}}, {"model": "auth.permission", "pk": 62, "fields": {"name": "Can change tecnologia", "content_type": 16, "codename": "change_tecnologia"}}, {"model": "auth.permission", "pk": 63, "fields": {"name": "Can delete tecnologia", "content_type": 16, "codename": "delete_tecnologia"}}, {"model": "auth.permission", "pk": 64, "fields": {"name": "Can view tecnologia", "content_type": 16, "codename": "view_tecnologia"}}, {"model": "auth.permission", "pk": 65, "fields": {"name": "Can add projeto", "content_type": 17, "codename": "add_projeto"}}, {"model": "auth.permission", "pk": 66, "fields": {"name": "Can change projeto", "content_type": 17, "codename": "change_projeto"}}, {"model": "auth.permission", "pk": 67, "fields": {"name": "Can delete projeto", "content_type": 17, "codename": "delete_projeto"}}, {"model": "auth.permission", "pk": 68, "fields": {"name": "Can view projeto", "content_type": 17, "codename": "view_projeto"}}, {"model": "auth.permission", "pk": 69, "fields": {"name": "Can add imagem projeto", "content_type": 18, "codename": "add_imagemprojeto"}}, {"model": "auth.permission", "pk": 70, "fields": {"name": "Can change imagem projeto", "content_type": 18, "codename": "change_imagemprojeto"}}, {"model": "auth.permission", "pk": 71, "fields": {"name": "Can delete imagem projeto", "content_type": 18, "codename": "delete_imagemprojeto"}}, {"model": "auth.permission", "pk": 72, "fields": {"name": "Can view imagem projeto", "content_type": 18, "codename": "view_imagemprojeto"}}, {"model": "auth.permission", "pk": 73, "fields": {"name": "Can add conceito", "content_type": 19, "codename": "add_conceito"}}, {"model": "auth.permission", "pk": 74, "fields": {"name": "Can change conceito", "content_type": 19, "codename": "change_conceito"}}, {"model": "auth.permission", "pk": 75, "fields": {"name": "Can delete conceito", "content_type": 19, "codename": "delete_conceito"}}, {"model": "auth.permission", "pk": 76, "fields": {"name": "Can view conceito", "content_type": 19, "codename": "view_conceito"}}, {"model": "auth.permission", "pk": 77, "fields": {"name": "Can add visitante", "content_type": 20, "codename": "add_visitante"}}, {"model": "auth.permission", "pk": 78, "fields": {"name": "Can change visitante", "content_type": 20, "codename": "change_visitante"}}, {"model": "auth.permission", "pk": 79, "fields": {"name": "Can delete visitante", "content_type": 20, "codename": "delete_visitante"}}, {"model": "auth.permission", "pk": 80, "fields": {"name": "Can view visitante", "content_type": 20, "codename": "view_visitante"}}, {"model": "auth.permission", "pk": 81, "fields": {"name": "Can add email address", "content_type": 21, "codename": "add_emailaddress"}}, {"model": "auth.permission", "pk": 82, "fields": {"name": "Can change email address", "content_type": 21, "codename": "change_emailaddress"}}, {"model": "auth.permission", "pk": 83, "fields": {"name": "Can delete email address", "content_type": 21, "codename": "delete_emailaddress"}}, {"model": "auth.permission", "pk": 84, "fields": {"name": "Can view email address", "content_type": 21, "codename": "view_emailaddress"}}, {"model": "auth.permission", "pk": 85, "fields": {"name": "Can add email confirmation", "content_type": 22, "codename": "add_emailconfirmation"}}, {"model": "auth.permission", "pk": 86, "fields": {"name": "Can change email confirmation", "content_type": 22, "codename": "change_emailconfirmation"}}, {"model": "auth.permission", "pk": 87, "fields": {"name": "Can delete email confirmation", "content_type": 22, "codename": "delete_emailconfirmation"}}, {"model": "auth.permission", "pk": 88, "fields": {"name": "Can view email confirmation", "content_type": 22, "codename": "view_emailconfirmation"}}, {"model": "auth.permission", "pk": 89, "fields": {"name": "Can add social account", "content_type": 23, "codename": "add_socialaccount"}}, {"model": "auth.permission", "pk": 90, "fields": {"name": "Can change social account", "content_type": 23, "codename": "change_socialaccount"}}, {"model": "auth.permission", "pk": 91, "fields": {"name": "Can delete social account", "content_type": 23, "codename": "delete_socialaccount"}}, {"model": "auth.permission", "pk": 92, "fields": {"name": "Can view social account", "content_type": 23, "codename": "view_socialaccount"}}, {"model": "auth.permission", "pk": 93, "fields": {"name": "Can add social application", "content_type": 24, "codename": "add_socialapp"}}, {"model": "auth.permission", "pk": 94, "fields": {"name": "Can change social application", "content_type": 24, "codename": "change_socialapp"}}, {"model": "auth.permission", "pk": 95, "fields": {"name": "Can delete social application", "content_type": 24, "codename": "delete_socialapp"}}, {"model": "auth.permission", "pk": 96, "fields": {"name": "Can view social application", "content_type": 24, "codename": "view_socialapp"}}, {"model": "auth.permission", "pk": 97, "fields": {"name": "Can add social application token", "content_type": 25, "codename": "add_socialtoken"}}, {"model": "auth.permission", "pk": 98, "fields": {"name": "Can change social application token", "content_type": 25, "codename": "change_socialtoken"}}, {"model": "auth.permission", "pk": 99, "fields": {"name": "Can delete social application token", "content_type": 25, "codename": "delete_socialtoken"}}, {"model": "auth.permission", "pk": 100, "fields": {"name": "Can view social application token", "content_type": 25, "codename": "view_socialtoken"}}, {"model": "auth.permission", "pk": 101, "fields": {"name": "Can add professor", "content_type": 26, "codename": "add_professor"}}, {"model": "auth.permission", "pk": 102, "fields": {"name": "Can change professor", "content_type": 26, "codename": "change_professor"}}, {"model": "auth.permission", "pk": 103, "fields": {"name": "Can delete professor", "content_type": 26, "codename": "delete_professor"}}, {"model": "auth.permission", "pk": 104, "fields": {"name": "Can view professor", "content_type": 26, "codename": "view_professor"}}, {"model": "auth.permission", "pk": 105, "fields": {"name": "Can add interesses", "content_type": 27, "codename": "add_interesses"}}, {"model": "auth.permission", "pk": 106, "fields": {"name": "Can change interesses", "content_type": 27, "codename": "change_interesses"}}, {"model": "auth.permission", "pk": 107, "fields": {"name": "Can delete interesses", "content_type": 27, "codename": "delete_interesses"}}, {"model": "auth.permission", "pk": 108, "fields": {"name": "Can view interesses", "content_type": 27, "codename": "view_interesses"}}, {"model": "auth.permission", "pk": 109, "fields": {"name": "Can add interesse", "content_type": 27, "codename": "add_interesse"}}, {"model": "auth.permission", "pk": 110, "fields": {"name": "Can change interesse", "content_type": 27, "codename": "change_interesse"}}, {"model": "auth.permission", "pk": 111, "fields": {"name": "Can delete interesse", "content_type": 27, "codename": "delete_interesse"}}, {"model": "auth.permission", "pk": 112, "fields": {"name": "Can view interesse", "content_type": 27, "codename": "view_interesse"}}, {"model": "auth.user", "pk": 1, "fields": {"password": "pbkdf2_sha256$870000$BRK18bFBeJQMXz8KjOgX4J$q7LAbqzx91XnUwt01ppqrfN6gwXQPunsK5SbCKUNkLE=", "last_login": "2025-05-22T17:07:10.515Z", "is_superuser": true, "username": "a22403073", "first_name": "", "last_name": "", "email": "lucasrodriguesmartins01@gmail.com", "is_staff": true, "is_active": true, "date_joined": "2025-05-06T09:50:22.536Z", "groups": [], "user_permissions": []}}, {"model": "auth.user", "pk": 2, "fields": {"password": "pbkdf2_sha256$870000$4JQF1WY4UUeutF3klKGPqK$d7OKmLMjlSZ0DgIN+yi1EOyMnxaJqkL1cL+AWL0weqo=", "last_login": null, "is_superuser": false, "username": "Sá", "first_name": "", "last_name": "", "email": "afonso.sa18122003@gmail.com", "is_staff": false, "is_active": true, "date_joined": "2025-05-20T10:44:47.258Z", "groups": [], "user_permissions": []}}, {"model": "auth.user", "pk": 4, "fields": {"password": "pbkdf2_sha256$870000$BpZDBcurn6CYE23GG2Q4N2$/dm+urDgaeIy6O3m8cQ/m+g/ivkeXbpBmLhTE98TzYE=", "last_login": "2025-05-20T16:42:45.687Z", "is_superuser": false, "username": "Rodriguez", "first_name": "", "last_name": "", "email": "diogorodriguez13@gmail.com", "is_staff": false, "is_active": true, "date_joined": "2025-05-20T16:41:45.039Z", "groups": [], "user_permissions": []}}, {"model": "auth.user", "pk": 5, "fields": {"password": "!0CapAoLpEtCxxLk9obB5LUAJTDg1vJRKhvgL9PGB", "last_login": "2025-05-20T18:19:21.428Z", "is_superuser": false, "username": "lucas", "first_name": "Lucas", "last_name": "Martins", "email": "ablucascd@gmail.com", "is_staff": false, "is_active": true, "date_joined": "2025-05-20T18:19:21.388Z", "groups": [], "user_permissions": []}}, {"model": "contenttypes.contenttype", "pk": 1, "fields": {"app_label": "admin", "model": "logentry"}}, {"model": "contenttypes.contenttype", "pk": 2, "fields": {"app_label": "auth", "model": "permission"}}, {"model": "contenttypes.contenttype", "pk": 3, "fields": {"app_label": "auth", "model": "group"}}, {"model": "contenttypes.contenttype", "pk": 4, "fields": {"app_label": "auth", "model": "user"}}, {"model": "contenttypes.contenttype", "pk": 5, "fields": {"app_label": "contenttypes", "model": "contenttype"}}, {"model": "contenttypes.contenttype", "pk": 6, "fields": {"app_label": "sessions", "model": "session"}}, {"model": "contenttypes.contenttype", "pk": 7, "fields": {"app_label": "pessoas", "model": "pessoa"}}, {"model": "contenttypes.contenttype", "pk": 8, "fields": {"app_label": "artistas", "model": "artista"}}, {"model": "contenttypes.contenttype", "pk": 9, "fields": {"app_label": "artistas", "model": "album"}}, {"model": "contenttypes.contenttype", "pk": 10, "fields": {"app_label": "artistas", "model": "musica"}}, {"model": "contenttypes.contenttype", "pk": 11, "fields": {"app_label": "artigos", "model": "autor"}}, {"model": "contenttypes.contenttype", "pk": 12, "fields": {"app_label": "artigos", "model": "artigo"}}, {"model": "contenttypes.contenttype", "pk": 13, "fields": {"app_label": "artigos", "model": "comentario"}}, {"model": "contenttypes.contenttype", "pk": 14, "fields": {"app_label": "artigos", "model": "rating"}}, {"model": "contenttypes.contenttype", "pk": 15, "fields": {"app_label": "portfolio", "model": "disciplina"}}, {"model": "contenttypes.contenttype", "pk": 16, "fields": {"app_label": "portfolio", "model": "tecnologia"}}, {"model": "contenttypes.contenttype", "pk": 17, "fields": {"app_label": "portfolio", "model": "projeto"}}, {"model": "contenttypes.contenttype", "pk": 18, "fields": {"app_label": "portfolio", "model": "imagemprojeto"}}, {"model": "contenttypes.contenttype", "pk": 19, "fields": {"app_label": "portfolio", "model": "conceito"}}, {"model": "contenttypes.contenttype", "pk": 20, "fields": {"app_label": "portfolio", "model": "visitante"}}, {"model": "contenttypes.contenttype", "pk": 21, "fields": {"app_label": "account", "model": "emailaddress"}}, {"model": "contenttypes.contenttype", "pk": 22, "fields": {"app_label": "account", "model": "emailconfirmation"}}, {"model": "contenttypes.contenttype", "pk": 23, "fields": {"app_label": "socialaccount", "model": "socialaccount"}}, {"model": "contenttypes.contenttype", "pk": 24, "fields": {"app_label": "socialaccount", "model": "socialapp"}}, {"model": "contenttypes.contenttype", "pk": 25, "fields": {"app_label": "socialaccount", "model": "socialtoken"}}, {"model": "contenttypes.contenttype", "pk": 26, "fields": {"app_label": "portfolio", "model": "professor"}}, {"model": "contenttypes.contenttype", "pk": 27, "fields": {"app_label": "portfolio", "model": "interesse"}}, {"model": "sessions.session", "pk": "0n6xbz68nwmde2nzz8vtukapjs33ro7j", "fields": {"session_data": "e30:1uHQ2t:ngSzw0N56FseirqnrW1K94hvMtmlXuLH9UmGkE78Lag", "expire_date": "2025-06-03T16:42:27.676Z"}}, {"model": "sessions.session", "pk": "0oc1cg9gurmlkkf57tqryy2si1aceooh", "fields": {"session_data": "e30:1uJ7HM:rIadHnDaooYP_wlXKpnW-p1kX67jMQlCTB4ghA7M-Q4", "expire_date": "2025-06-08T09:04:24.310Z"}}, {"model": "sessions.session", "pk": "1t2hq3ftqxgo90ubpemtazen659623yq", "fields": {"session_data": ".eJxVjDsOwyAQBe9CHSHDYj4p0_sMaGEhOIlAMnYV5e6xJRdJ-2bmvZnHbS1-62nxM7ErE-zyuwWMz1QPQA-s98Zjq-syB34o_KSdT43S63a6fwcFe9lr0GgtWHLoBhBOhZGQKGUwgzakpDIaMeqo3EjZZCQjQVolk9tloZF9vto_N4c:1uI4df:udeThA4invBkLO1ZklsIHmW4vE-F_wB_BVa8MgArAp0", "expire_date": "2025-06-05T12:03:07.395Z"}}, {"model": "sessions.session", "pk": "2r1fdgapjamc4bqogn00zsy910o467ra", "fields": {"session_data": "e30:1uHQ2t:ngSzw0N56FseirqnrW1K94hvMtmlXuLH9UmGkE78Lag", "expire_date": "2025-06-03T16:42:27.406Z"}}, {"model": "sessions.session", "pk": "cz0p3v408qcb81pfwx75a5trm222ek7a", "fields": {"session_data": "e30:1uJ7HK:Rd4xlvPp9aUJPWGlqOQRb2kYKNhsmiZ-uOGS3sNCry0", "expire_date": "2025-06-08T09:04:22.496Z"}}, {"model": "sessions.session", "pk": "ef3ex0bwm030dgwbwkmu5v5aw4m8hzhs", "fields": {"session_data": "e30:1uHf5H:jQ9JOzwIso-c4G-sc_b5YIGaxyhU8Q7gIykwpowyvY4", "expire_date": "2025-06-04T08:45:55.449Z"}}, {"model": "sessions.session", "pk": "h3bm6hh4jhfwy0kpbxw8ndwfm3x0ahxo", "fields": {"session_data": ".eJxVjMsOwiAQRf-FtSE8hjK6dN9vIEMZpGpoUtqV8d-VpAvd3nPOfYlA-1bC3ngNcxIXAeL0u0WaHlw7SHeqt0VOS93WOcquyIM2OS6Jn9fD_Tso1EqvrbLoEgycvKEY7YDuDJwMYvSAnJmtdoosgVEqx4zWEDD6bwjaa_H-AN6YN3A:1uHQ3B:wtfeZhRsrZiO3GHZdmczmPpN2S49S7vAJ2VTHSbmDyI", "expire_date": "2025-06-03T16:42:45.693Z"}}, {"model": "sessions.session", "pk": "lnpl4xv5nqao9vmnfkx2fa2tatxik4t3", "fields": {"session_data": "e30:1uItyv:CNzg_XSyuvey29LUbvncl6UbvWIVf8KLHHbWYtg3r68", "expire_date": "2025-06-07T18:52:29.931Z"}}, {"model": "sessions.session", "pk": "mz27y2k2eoo2ad099gzhafe7ku7g0d9c", "fields": {"session_data": ".eJxVjDsOwyAQBe9CHSHDYj4p0_sMaGEhOIlAMnYV5e6xJRdJ-2bmvZnHbS1-62nxM7ErE-zyuwWMz1QPQA-s98Zjq-syB34o_KSdT43S63a6fwcFe9lr0GgtWHLoBhBOhZGQKGUwgzakpDIaMeqo3EjZZCQjQVolk9tloZF9vto_N4c:1uI9Nu:OafM_nFEtLznCq2vv5dXGb68iz3zCRjhnBh4Wn27wes", "expire_date": "2025-06-05T17:07:10.543Z"}}, {"model": "sessions.session", "pk": "nbte4vwl5a0gm5bvuhtaeaqhs9ef3cn2", "fields": {"session_data": "e30:1uH1Ys:aztPwEbjlAGMp3CWKrpO0yyjTJ6t2oysjplVkvKCqh0", "expire_date": "2025-06-02T14:33:50.671Z"}}, {"model": "sessions.session", "pk": "ofv37do8084zehj8gr6bf5hfhp0dimaw", "fields": {"session_data": ".eJxVjDsOwyAQBe9CHSHDYj4p0_sMaGEhOIlAMnYV5e6xJRdJ-2bmvZnHbS1-62nxM7ErE-zyuwWMz1QPQA-s98Zjq-syB34o_KSdT43S63a6fwcFe9lr0GgtWHLoBhBOhZGQKGUwgzakpDIaMeqo3EjZZCQjQVolk9tloZF9vto_N4c:1uCExd:oM16WsiMxsV1oSIXYe8nJolGypyc76EZwq9oINa45pI", "expire_date": "2025-05-20T09:51:37.757Z"}}, {"model": "sessions.session", "pk": "q0rx9hpbhr4ixhx1zyxsvrcq2kt8n07d", "fields": {"session_data": "e30:1uGySY:Jr7nYF6Cl1tAAih_FnkbUubU4e3-K5fvKobr74qR4nk", "expire_date": "2025-06-02T11:15:06.539Z"}}, {"model": "sessions.session", "pk": "q892s73xi6wstvn1il4j3sczf15cbvff", "fields": {"session_data": "e30:1uItyv:CNzg_XSyuvey29LUbvncl6UbvWIVf8KLHHbWYtg3r68", "expire_date": "2025-06-07T18:52:29.972Z"}}, {"model": "sessions.session", "pk": "vb39ixyo2aaexoqspd82oa1vn6f8p50s", "fields": {"session_data": "e30:1uHRcp:1T9FboppwfdZkmZn1-Z6tE2IA9YFTazIBwBOe4xt8TM", "expire_date": "2025-06-03T18:23:39.998Z"}}, {"model": "sessions.session", "pk": "xiwrd4oiinhd05y9rw0vtxo7n08d8i3s", "fields": {"session_data": "e30:1uHRbg:XRuWfxeZZv4sKU04t18J9l2CpoE7UNrvfxzTSwYl2KU", "expire_date": "2025-06-03T18:22:28.302Z"}}, {"model": "artigos.autor", "pk": 1, "fields": {"nome": "Barron's", "bio": "United States News"}}, {"model": "artigos.autor", "pk": 2, "fields": {"nome": "Alex Tabetts", "bio": ""}}, {"model": "artigos.artigo", "pk": 1, "fields": {"titulo": "Elon Musk reaching Mars", "conteudo": "Elon Musk’s Quest to Reach Mars Starts With a Company Town in Texas\r\nThe company town built America. Elon Musk is betting it can colonize Mars and save humanity, too.\r\n\r\nThe latest step in Musk’s galactic quest is the incorporation of Starbase, Texas, home to his SpaceX rocket company and about 300 eligible voters, most of them employees. Ninety-seven percent voted earlier this month for incorporation; one is now mayor.\r\n\r\nStarbase, near Brownsville and hard on the Mexican border, is dedicated to building and launching Starship, a 400-foot-tall rocket bound for the Red Planet. Incorporation means most municipal functions, from zoning to raising revenue, will be in the hands of Musk, SpaceX’s CEO and controlling shareholder", "autor": 1, "data_publicacao": "2025-05-20", "rating": 1}}, {"model": "artigos.artigo", "pk": 2, "fields": {"titulo": "Liverpool wins English Premier League title", "conteudo": "It was supposed to be a season of transition for Liverpool. Little did even the club’s most optimistic fans know that it would be a transition straight into Premier League glory.\r\n\r\nWith its 5-1 win against Tottenham Hotspur on Sunday, Liverpool bulldozed its way to a record-tying 20 English league titles. It draws Liverpool level with Manchester United as the winningest club in English soccer history. And with four matches still remaining in the season, Liverpool won the league convincingly.\r\n\r\nThe season started in the shadow of doubt. Jurgen Klopp, the team’s German tactician, departed the club after eight trophy-laden seasons. Klopp’s blood-and-thunder style of play, known as “gegenpressing,” kept Liverpool fans on their feet with high-scoring, entertaining soccer. Klopp won the gamut as manager, including Liverpool’s first English title in 30 years in 2020 and club soccer’s most prestigious trophy, the UEFA Champions League, in 2019.\r\n\r\nBut it was Klopp’s embrace of Liverpool’s community, his charm in press conferences and his signature hugging of players that endeared him to the Anfield faithful and lionized him as the club’s father figure. His withdrawal from the Liverpool touchline at the conclusion of the 2024 season made fans anxious about what would come next.", "autor": 2, "data_publicacao": "2025-05-20", "rating": 4}}, {"model": "artigos.artigo", "pk": 4, "fields": {"titulo": "teste", "conteudo": "a", "autor": 1, "data_publicacao": "2025-05-03", "rating": 0}}, {"model": "artigos.rating", "pk": 1, "fields": {"artigo": 1, "usuario": 1, "rate": 5}}, {"model": "portfolio.disciplina", "pk": 1, "fields": {"nome": "Arquitetura Avançada de Computadores", "ano": 2, "semestre": 1, "docentes": "Daniel Sobral", "link_moodle": "https://moodle.ensinolusofona.pt/course/view.php?id=26460", "link_ulusofona": "https://www.ulusofona.pt/lisboa/licenciaturas/engenharia-informatica/ULHT260-13398"}}, {"model": "portfolio.disciplina", "pk": 2, "fields": {"nome": "Programacao Web", "ano": 2, "semestre": 2, "docentes": "Lucio Studer, Martim Mourão, Pedro Perdigão", "link_moodle": "https://moodle.ensinolusofona.pt/course/view.php?id=30559", "link_ulusofona": "https://www.ulusofona.pt/lisboa/licenciaturas/engenharia-informatica/ULHT260-11195"}}, {"model": "portfolio.disciplina", "pk": 3, "fields": {"nome": "Algoritmia e Estrutura de Dados", "ano": 1, "semestre": 2, "docentes": "Pedro Alves, Duarte Neves", "link_moodle": "https://moodle.ensinolusofona.pt/my/courses.php", "link_ulusofona": "https://www.ulusofona.pt/lisboa/licenciaturas/engenharia-informatica/ULHT260-13397"}}, {"model": "portfolio.disciplina", "pk": 4, "fields": {"nome": "Linguagem de programação 2", "ano": 2, "semestre": 1, "docentes": "Pedro Alves, Duarte Neves", "link_moodle": "https://moodle.ensinolusofona.pt/course/view.php?id=26874", "link_ulusofona": "https://www.ulusofona.pt/lisboa/licenciaturas/engenharia-informatica/ULHT260-898"}}, {"model": "portfolio.disciplina", "pk": 5, "fields": {"nome": "Desenvolvimento de Interfaces Web", "ano": 2, "semestre": 1, "docentes": "Lucio Studer", "link_moodle": "https://moodle.ensinolusofona.pt/course/view.php?id=28717", "link_ulusofona": "https://www.ulusofona.pt/lisboa/licenciaturas/engenharia-informatica/ULHT260-26141"}}, {"model": "portfolio.tecnologia", "pk": 1, "fields": {"nome": "TinkerCad", "descricao": "Plataforma de prototipagem eletrónica.", "logo": "tecnologias_logos/tk.png"}}, {"model": "portfolio.tecnologia", "pk": 2, "fields": {"nome": "Django", "descricao": "Framework web em Python.", "logo": "tecnologias_logos/django-python-logo.png"}}, {"model": "portfolio.tecnologia", "pk": 3, "fields": {"nome": "React / Next.js", "descricao": "Framework frontend library.", "logo": "tecnologias_logos/react,next.png"}}, {"model": "portfolio.tecnologia", "pk": 4, "fields": {"nome": "Kotlin / Java", "descricao": "High-level programming language", "logo": "tecnologias_logos/Kotlin-Java-Directory-Image.jpg"}}, {"model": "portfolio.projeto", "pk": 1, "fields": {"titulo": "Semaforo Inteligente", "descricao": "Projeto de semáforo com sensores de movimento, utilizando 2 arduinos no tinkercad com programação em C.", "link_github": "https://www.tinkercad.com/things/dsIz6cjvTzI-copy-of-projeto-aac/editel?returnTo=https%3A%2F%2Fwww.tinkercad.com%2Fdashboard", "link_demo": "https://www.tinkercad.com/things/dsIz6cjvTzI-copy-of-projeto-aac/editel?returnTo=https%3A%2F%2Fwww.tinkercad.com%2Fdashboard", "disciplina": 1, "tecnologias": [1]}}, {"model": "portfolio.projeto", "pk": 2, "fields": {"titulo": "DesisiFlix", "descricao": "Programa que funciona de search engine para filtrar e descobrir filmes da netflix.", "link_github": "https://github.com/costagoncaloo/DeisiFlix", "link_demo": "https://www.youtube.com/", "disciplina": 3, "tecnologias": [4]}}, {"model": "portfolio.projeto", "pk": 3, "fields": {"titulo": "Website sobre Singapura", "descricao": "Website sobre Singapura. Ao decorrer do tempo e da matéria disponibilizada pelo professor, fomos progressivamente aprimorando o nosso website e as nossas skills em React / Next.js", "link_github": "https://github.com/lucasrmartins0/lucasmartinsnext", "link_demo": "https://github.com/lucasrmartins0/lucasmartinsnext", "disciplina": 5, "tecnologias": [3]}}, {"model": "portfolio.projeto", "pk": 4, "fields": {"titulo": "The Night of the Living DEISI", "descricao": "Jogo de tabuleiro de sobrevivência com parecências ao 'Plants vs Zombies'. ", "link_github": "https://github.com/ULHT-LP2-2024-25-students/projeto-lp2-prof-duarte-neves-asa-a22304875-lmartins-a22403073", "link_demo": "https://www.youtube.com/watch?v=oRB-hGOJKxs&ab_channel=TaMag0ch1", "disciplina": 4, "tecnologias": [4]}}, {"model": "portfolio.projeto", "pk": 5, "fields": {"titulo": "Portfólio", "descricao": "O meu próprio portfólio usando a framwork Django.", "link_github": "https://github.com/teuuser/portfolio", "link_demo": "https://youtu.be/demo-portfolio", "disciplina": 2, "tecnologias": [2]}}, {"model": "portfolio.visitante", "pk": 1, "fields": {"session_key": "ofv37do8084zehj8gr6bf5hfhp0dimaw", "data_visita": "2025-05-19T11:13:59.887Z"}}, {"model": "portfolio.visitante", "pk": 2, "fields": {"session_key": "q0rx9hpbhr4ixhx1zyxsvrcq2kt8n07d", "data_visita": "2025-05-19T11:15:06.534Z"}}, {"model": "portfolio.visitante", "pk": 3, "fields": {"session_key": "nbte4vwl5a0gm5bvuhtaeaqhs9ef3cn2", "data_visita": "2025-05-19T14:33:50.649Z"}}, {"model": "portfolio.visitante", "pk": 4, "fields": {"session_key": "d5moglt8k9mbrjdjl90dr5h4qmjbp2gh", "data_visita": "2025-05-20T10:00:45.572Z"}}, {"model": "portfolio.visitante", "pk": 5, "fields": {"session_key": "v3wccg8etqofh3xk6jr6rmqe4qmpb800", "data_visita": "2025-05-20T10:03:57.293Z"}}, {"model": "portfolio.visitante", "pk": 6, "fields": {"session_key": "jv05huufcoe6ugstj64yhuoh1e6km815", "data_visita": "2025-05-20T10:04:07.792Z"}}, {"model": "portfolio.visitante", "pk": 7, "fields": {"session_key": "5dch5e8sp5n1tbr3pns15wviosoiqh11", "data_visita": "2025-05-20T10:04:28.646Z"}}, {"model": "portfolio.visitante", "pk": 8, "fields": {"session_key": "mjnor7o43c6kfrremjt7almz9slnl7m9", "data_visita": "2025-05-20T10:04:31.930Z"}}, {"model": "portfolio.visitante", "pk": 9, "fields": {"session_key": "tdz3ze0k824wr95lbcrh2011xqjdt1me", "data_visita": "2025-05-20T10:40:57.128Z"}}, {"model": "portfolio.visitante", "pk": 10, "fields": {"session_key": "o0yf10l4rfeq2w9stqbqgpb71unij5dr", "data_visita": "2025-05-20T16:42:26.370Z"}}, {"model": "portfolio.visitante", "pk": 11, "fields": {"session_key": "h3bm6hh4jhfwy0kpbxw8ndwfm3x0ahxo", "data_visita": "2025-05-20T16:42:26.535Z"}}, {"model": "portfolio.visitante", "pk": 12, "fields": {"session_key": "2r1fdgapjamc4bqogn00zsy910o467ra", "data_visita": "2025-05-20T16:42:27.398Z"}}, {"model": "portfolio.visitante", "pk": 13, "fields": {"session_key": "0n6xbz68nwmde2nzz8vtukapjs33ro7j", "data_visita": "2025-05-20T16:42:27.668Z"}}, {"model": "portfolio.visitante", "pk": 14, "fields": {"session_key": "jg39hzdyvi7ihl3g4unpusa568zlmuu9", "data_visita": "2025-05-20T18:19:21.572Z"}}, {"model": "portfolio.visitante", "pk": 15, "fields": {"session_key": "gcnd0x5tvgv84ebtrlfyydzgwr0sc1xe", "data_visita": "2025-05-20T18:22:21.457Z"}}, {"model": "portfolio.visitante", "pk": 16, "fields": {"session_key": "xiwrd4oiinhd05y9rw0vtxo7n08d8i3s", "data_visita": "2025-05-20T18:22:28.314Z"}}, {"model": "portfolio.visitante", "pk": 17, "fields": {"session_key": "vb39ixyo2aaexoqspd82oa1vn6f8p50s", "data_visita": "2025-05-20T18:23:40.017Z"}}, {"model": "portfolio.visitante", "pk": 18, "fields": {"session_key": "5dvp13n1eqw2dklm49p0c257whx7tplv", "data_visita": "2025-05-20T18:26:04.153Z"}}, {"model": "portfolio.visitante", "pk": 19, "fields": {"session_key": "s6gfd2vk5f33l8ttfq38q9e8i2s1yis6", "data_visita": "2025-05-20T18:26:59.621Z"}}, {"model": "portfolio.visitante", "pk": 20, "fields": {"session_key": "0u34bjclq9rbc0a4d16vhxkbhz7ogsgo", "data_visita": "2025-05-21T07:57:18.922Z"}}, {"model": "portfolio.visitante", "pk": 21, "fields": {"session_key": "ef3ex0bwm030dgwbwkmu5v5aw4m8hzhs", "data_visita": "2025-05-21T08:45:55.437Z"}}, {"model": "portfolio.visitante", "pk": 22, "fields": {"session_key": "6giqy3i41oavsjlbdli9p2xjk4xf0e80", "data_visita": "2025-05-21T09:38:02.289Z"}}, {"model": "portfolio.visitante", "pk": 23, "fields": {"session_key": "keuip890fd810agremsgt2wx54srfggk", "data_visita": "2025-05-21T09:40:08.642Z"}}, {"model": "portfolio.visitante", "pk": 24, "fields": {"session_key": "1t2hq3ftqxgo90ubpemtazen659623yq", "data_visita": "2025-05-22T12:17:14.094Z"}}, {"model": "portfolio.visitante", "pk": 25, "fields": {"session_key": "x4dz7bnjw9m649apijqmr0z7m3msakql", "data_visita": "2025-05-22T17:05:36.060Z"}}, {"model": "portfolio.visitante", "pk": 26, "fields": {"session_key": "mz27y2k2eoo2ad099gzhafe7ku7g0d9c", "data_visita": "2025-05-22T17:14:03.764Z"}}, {"model": "portfolio.visitante", "pk": 27, "fields": {"session_key": "lnpl4xv5nqao9vmnfkx2fa2tatxik4t3", "data_visita": "2025-05-24T18:52:29.876Z"}}, {"model": "portfolio.visitante", "pk": 28, "fields": {"session_key": "q892s73xi6wstvn1il4j3sczf15cbvff", "data_visita": "2025-05-24T18:52:29.963Z"}}, {"model": "portfolio.visitante", "pk": 29, "fields": {"session_key": "cz0p3v408qcb81pfwx75a5trm222ek7a", "data_visita": "2025-05-25T09:04:22.348Z"}}, {"model": "portfolio.visitante", "pk": 30, "fields": {"session_key": "0oc1cg9gurmlkkf57tqryy2si1aceooh", "data_visita": "2025-05-25T09:04:24.298Z"}}, {"model": "portfolio.professor", "pk": 1, "fields": {"nome": "Lucio", "email": "lucio@gmail.com", "disciplina": "Web", "foto": ""}}, {"model": "portfolio.professor", "pk": 2, "fields": {"nome": "Duarte Neves", "email": "dn@gmail.com", "disciplina": "LP2", "foto": ""}}, {"model": "portfolio.professor", "pk": 3, "fields": {"nome": "houda", "email": "houda@gmail.com", "disciplina": "Redes", "foto": ""}}, {"model": "portfolio.interesse", "pk": 1, "fields": {"nome": "Web Development", "descricao": "", "projetos": [], "disciplinas": [], "tecnologias": [2]}}, {"model": "portfolio.interesse", "pk": 2, "fields": {"nome": "POO", "descricao": "", "projetos": [], "disciplinas": [], "tecnologias": [4]}}, {"model": "portfolio.interesse", "pk": 3, "fields": {"nome": "Arduinos", "descricao": "", "projetos": [], "disciplinas": [], "tecnologias": [1]}}, {"model": "portfolio.interesse", "pk": 4, "fields": {"nome": "teste", "descricao": "teste", "projetos": [1], "disciplinas": [2], "tecnologias": [1]}}, {"model": "account.emailaddress", "pk": 1, "fields": {"user": 5, "email": "ablucascd@gmail.com", "verified": true, "primary": true}}, {"model": "socialaccount.socialapp", "pk": 1, "fields": {"provider": "google", "provider_id": "", "name": "django-gmail-api", "client_id": "338156275421-i2pm993iqn0cl7s96ua5kgnlbi532non.apps.googleusercontent.com", "secret": "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", "key": "", "settings": {}}}, {"model": "socialaccount.socialaccount", "pk": 1, "fields": {"user": 5, "provider": "google", "uid": "109163945464680219763", "last_login": "2025-05-20T18:19:21.400Z", "date_joined": "2025-05-20T18:19:21.400Z", "extra_data": {"aud": "338156275421-i2pm993iqn0cl7s96ua5kgnlbi532non.apps.googleusercontent.com", "azp": "338156275421-i2pm993iqn0cl7s96ua5kgnlbi532non.apps.googleusercontent.com", "exp": 1747768761, "iat": 1747765161, "iss": "https://accounts.google.com", "sub": "109163945464680219763", "name": "Lucas Martins", "email": "ablucascd@gmail.com", "at_hash": "8_jk3680KnY1wIesVVTnyQ", "picture": "https://lh3.googleusercontent.com/a/ACg8ocI_4D5i197n7dhL2vzZJpSGngFP-l4pOp6DHd_6ufWTuk0AKQ=s96-c", "given_name": "Lucas", "family_name": "Martins", "email_verified": true}}}]