[{"model": "portfolio.disciplina", "pk": 1, "fields": {"nome": "Arquitetura Avançada de Computadores", "ano": 2, "semestre": 1, "docentes": "Daniel Sobral", "link_moodle": "https://moodle.ensinolusofona.pt/course/view.php?id=26460", "link_ulusofona": "https://www.ulusofona.pt/lisboa/licenciaturas/engenharia-informatica/ULHT260-13398"}}, {"model": "portfolio.disciplina", "pk": 2, "fields": {"nome": "Programacao Web", "ano": 2, "semestre": 2, "docentes": "Lucio Studer, Martim Mourão, Pedro Perdigão", "link_moodle": "https://moodle.ensinolusofona.pt/course/view.php?id=30559", "link_ulusofona": "https://www.ulusofona.pt/lisboa/licenciaturas/engenharia-informatica/ULHT260-11195"}}, {"model": "portfolio.disciplina", "pk": 3, "fields": {"nome": "Algoritmia e Estrutura de Dados", "ano": 1, "semestre": 2, "docentes": "Pedro Alves, Duarte Neves", "link_moodle": "https://moodle.ensinolusofona.pt/my/courses.php", "link_ulusofona": "https://www.ulusofona.pt/lisboa/licenciaturas/engenharia-informatica/ULHT260-13397"}}, {"model": "portfolio.disciplina", "pk": 4, "fields": {"nome": "Linguagem de programação 2", "ano": 2, "semestre": 1, "docentes": "Pedro Alves, Duarte Neves", "link_moodle": "https://moodle.ensinolusofona.pt/course/view.php?id=26874", "link_ulusofona": "https://www.ulusofona.pt/lisboa/licenciaturas/engenharia-informatica/ULHT260-898"}}, {"model": "portfolio.disciplina", "pk": 5, "fields": {"nome": "Desenvolvimento de Interfaces Web", "ano": 2, "semestre": 1, "docentes": "Lucio Studer", "link_moodle": "https://moodle.ensinolusofona.pt/course/view.php?id=28717", "link_ulusofona": "https://www.ulusofona.pt/lisboa/licenciaturas/engenharia-informatica/ULHT260-26141"}}, {"model": "portfolio.tecnologia", "pk": 1, "fields": {"nome": "TinkerCad", "descricao": "Plataforma de prototipagem eletrónica.", "logo": "tecnologias_logos/tk.png"}}, {"model": "portfolio.tecnologia", "pk": 2, "fields": {"nome": "Django", "descricao": "Framework web em Python.", "logo": "tecnologias_logos/django-python-logo.png"}}, {"model": "portfolio.tecnologia", "pk": 3, "fields": {"nome": "React / Next.js", "descricao": "Framework frontend library.", "logo": "tecnologias_logos/react,next.png"}}, {"model": "portfolio.tecnologia", "pk": 4, "fields": {"nome": "Kotlin / Java", "descricao": "High-level programming language", "logo": "tecnologias_logos/Kotlin-Java-Directory-Image.jpg"}}, {"model": "portfolio.projeto", "pk": 1, "fields": {"titulo": "Semaforo Inteligente", "descricao": "Projeto de semáforo com sensores de movimento, utilizando 2 arduinos no tinkercad com programação em C.", "link_github": "https://www.tinkercad.com/things/dsIz6cjvTzI-copy-of-projeto-aac/editel?returnTo=https%3A%2F%2Fwww.tinkercad.com%2Fdashboard", "link_demo": "https://www.tinkercad.com/things/dsIz6cjvTzI-copy-of-projeto-aac/editel?returnTo=https%3A%2F%2Fwww.tinkercad.com%2Fdashboard", "disciplina": 1, "tecnologias": [1]}}, {"model": "portfolio.projeto", "pk": 2, "fields": {"titulo": "DesisiFlix", "descricao": "Programa que funciona de search engine para filtrar e descobrir filmes da netflix.", "link_github": "https://github.com/costagoncaloo/DeisiFlix", "link_demo": "https://www.youtube.com/", "disciplina": 3, "tecnologias": [4]}}, {"model": "portfolio.projeto", "pk": 3, "fields": {"titulo": "Website sobre Singapura", "descricao": "Website sobre Singapura. Ao decorrer do tempo e da matéria disponibilizada pelo professor, fomos progressivamente aprimorando o nosso website e as nossas skills em React / Next.js", "link_github": "https://github.com/lucasrmartins0/lucasmartinsnext", "link_demo": "https://github.com/lucasrmartins0/lucasmartinsnext", "disciplina": 5, "tecnologias": [3]}}, {"model": "portfolio.projeto", "pk": 4, "fields": {"titulo": "The Night of the Living DEISI", "descricao": "Jogo de tabuleiro de sobrevivência com parecências ao 'Plants vs Zombies'. ", "link_github": "https://github.com/ULHT-LP2-2024-25-students/projeto-lp2-prof-duarte-neves-asa-a22304875-lmartins-a22403073", "link_demo": "https://www.youtube.com/watch?v=oRB-hGOJKxs&ab_channel=TaMag0ch1", "disciplina": 4, "tecnologias": [4]}}, {"model": "portfolio.projeto", "pk": 5, "fields": {"titulo": "Portfólio", "descricao": "O meu próprio portfólio usando a framwork Django.", "link_github": "https://github.com/teuuser/portfolio", "link_demo": "https://youtu.be/demo-portfolio", "disciplina": 2, "tecnologias": [2]}}, {"model": "portfolio.visitante", "pk": 1, "fields": {"session_key": "ofv37do8084zehj8gr6bf5hfhp0dimaw", "data_visita": "2025-05-19T11:13:59.887Z"}}, {"model": "portfolio.visitante", "pk": 2, "fields": {"session_key": "q0rx9hpbhr4ixhx1zyxsvrcq2kt8n07d", "data_visita": "2025-05-19T11:15:06.534Z"}}, {"model": "portfolio.visitante", "pk": 3, "fields": {"session_key": "nbte4vwl5a0gm5bvuhtaeaqhs9ef3cn2", "data_visita": "2025-05-19T14:33:50.649Z"}}, {"model": "portfolio.visitante", "pk": 4, "fields": {"session_key": "d5moglt8k9mbrjdjl90dr5h4qmjbp2gh", "data_visita": "2025-05-20T10:00:45.572Z"}}, {"model": "portfolio.visitante", "pk": 5, "fields": {"session_key": "v3wccg8etqofh3xk6jr6rmqe4qmpb800", "data_visita": "2025-05-20T10:03:57.293Z"}}, {"model": "portfolio.visitante", "pk": 6, "fields": {"session_key": "jv05huufcoe6ugstj64yhuoh1e6km815", "data_visita": "2025-05-20T10:04:07.792Z"}}, {"model": "portfolio.visitante", "pk": 7, "fields": {"session_key": "5dch5e8sp5n1tbr3pns15wviosoiqh11", "data_visita": "2025-05-20T10:04:28.646Z"}}, {"model": "portfolio.visitante", "pk": 8, "fields": {"session_key": "mjnor7o43c6kfrremjt7almz9slnl7m9", "data_visita": "2025-05-20T10:04:31.930Z"}}, {"model": "portfolio.visitante", "pk": 9, "fields": {"session_key": "tdz3ze0k824wr95lbcrh2011xqjdt1me", "data_visita": "2025-05-20T10:40:57.128Z"}}, {"model": "portfolio.visitante", "pk": 10, "fields": {"session_key": "o0yf10l4rfeq2w9stqbqgpb71unij5dr", "data_visita": "2025-05-20T16:42:26.370Z"}}, {"model": "portfolio.visitante", "pk": 11, "fields": {"session_key": "h3bm6hh4jhfwy0kpbxw8ndwfm3x0ahxo", "data_visita": "2025-05-20T16:42:26.535Z"}}, {"model": "portfolio.visitante", "pk": 12, "fields": {"session_key": "2r1fdgapjamc4bqogn00zsy910o467ra", "data_visita": "2025-05-20T16:42:27.398Z"}}, {"model": "portfolio.visitante", "pk": 13, "fields": {"session_key": "0n6xbz68nwmde2nzz8vtukapjs33ro7j", "data_visita": "2025-05-20T16:42:27.668Z"}}, {"model": "portfolio.visitante", "pk": 14, "fields": {"session_key": "jg39hzdyvi7ihl3g4unpusa568zlmuu9", "data_visita": "2025-05-20T18:19:21.572Z"}}, {"model": "portfolio.visitante", "pk": 15, "fields": {"session_key": "gcnd0x5tvgv84ebtrlfyydzgwr0sc1xe", "data_visita": "2025-05-20T18:22:21.457Z"}}, {"model": "portfolio.visitante", "pk": 16, "fields": {"session_key": "xiwrd4oiinhd05y9rw0vtxo7n08d8i3s", "data_visita": "2025-05-20T18:22:28.314Z"}}, {"model": "portfolio.visitante", "pk": 17, "fields": {"session_key": "vb39ixyo2aaexoqspd82oa1vn6f8p50s", "data_visita": "2025-05-20T18:23:40.017Z"}}, {"model": "portfolio.visitante", "pk": 18, "fields": {"session_key": "5dvp13n1eqw2dklm49p0c257whx7tplv", "data_visita": "2025-05-20T18:26:04.153Z"}}, {"model": "portfolio.visitante", "pk": 19, "fields": {"session_key": "s6gfd2vk5f33l8ttfq38q9e8i2s1yis6", "data_visita": "2025-05-20T18:26:59.621Z"}}, {"model": "portfolio.visitante", "pk": 20, "fields": {"session_key": "0u34bjclq9rbc0a4d16vhxkbhz7ogsgo", "data_visita": "2025-05-21T07:57:18.922Z"}}, {"model": "portfolio.visitante", "pk": 21, "fields": {"session_key": "ef3ex0bwm030dgwbwkmu5v5aw4m8hzhs", "data_visita": "2025-05-21T08:45:55.437Z"}}, {"model": "portfolio.visitante", "pk": 22, "fields": {"session_key": "6giqy3i41oavsjlbdli9p2xjk4xf0e80", "data_visita": "2025-05-21T09:38:02.289Z"}}, {"model": "portfolio.visitante", "pk": 23, "fields": {"session_key": "keuip890fd810agremsgt2wx54srfggk", "data_visita": "2025-05-21T09:40:08.642Z"}}, {"model": "portfolio.visitante", "pk": 24, "fields": {"session_key": "1t2hq3ftqxgo90ubpemtazen659623yq", "data_visita": "2025-05-22T12:17:14.094Z"}}, {"model": "portfolio.visitante", "pk": 25, "fields": {"session_key": "x4dz7bnjw9m649apijqmr0z7m3msakql", "data_visita": "2025-05-22T17:05:36.060Z"}}, {"model": "portfolio.visitante", "pk": 26, "fields": {"session_key": "mz27y2k2eoo2ad099gzhafe7ku7g0d9c", "data_visita": "2025-05-22T17:14:03.764Z"}}, {"model": "portfolio.visitante", "pk": 27, "fields": {"session_key": "lnpl4xv5nqao9vmnfkx2fa2tatxik4t3", "data_visita": "2025-05-24T18:52:29.876Z"}}, {"model": "portfolio.visitante", "pk": 28, "fields": {"session_key": "q892s73xi6wstvn1il4j3sczf15cbvff", "data_visita": "2025-05-24T18:52:29.963Z"}}, {"model": "portfolio.visitante", "pk": 29, "fields": {"session_key": "cz0p3v408qcb81pfwx75a5trm222ek7a", "data_visita": "2025-05-25T09:04:22.348Z"}}, {"model": "portfolio.visitante", "pk": 30, "fields": {"session_key": "0oc1cg9gurmlkkf57tqryy2si1aceooh", "data_visita": "2025-05-25T09:04:24.298Z"}}, {"model": "portfolio.visitante", "pk": 31, "fields": {"session_key": "vl306rmiej51i3ey9ks5lj9unxl0ylon", "data_visita": "2025-05-28T09:32:51.826Z"}}, {"model": "portfolio.visitante", "pk": 32, "fields": {"session_key": "lckgrw6xwc8rmq02t6sh6hn06k5gadj9", "data_visita": "2025-05-29T08:52:41.302Z"}}, {"model": "portfolio.visitante", "pk": 33, "fields": {"session_key": "1ckuztncmcacqq3nw7gqsc4z9mqd2drv", "data_visita": "2025-05-29T08:55:19.719Z"}}, {"model": "portfolio.visitante", "pk": 34, "fields": {"session_key": "lkoooc6wppabkxyabjrukbr8nzddaxtd", "data_visita": "2025-05-29T09:00:08.759Z"}}, {"model": "portfolio.visitante", "pk": 35, "fields": {"session_key": "gu85rdhnl8lhyv36xhp76urylg42o82c", "data_visita": "2025-05-29T09:00:46.482Z"}}, {"model": "portfolio.visitante", "pk": 36, "fields": {"session_key": "z80w3v7evrk1s47huanda043tobn60b7", "data_visita": "2025-05-29T21:40:36.428Z"}}, {"model": "portfolio.visitante", "pk": 37, "fields": {"session_key": "3jq3hcqvqm2v7nmuq5mlsciox4wiepeh", "data_visita": "2025-05-29T21:42:48.229Z"}}, {"model": "portfolio.visitante", "pk": 38, "fields": {"session_key": "oclheg1unmba584xqru317syx8chyvwa", "data_visita": "2025-05-29T21:42:55.434Z"}}, {"model": "portfolio.visitante", "pk": 39, "fields": {"session_key": "mbc137a8mpdg3ztk4lxb09jp2l22cz7l", "data_visita": "2025-05-29T21:43:56.065Z"}}, {"model": "portfolio.visitante", "pk": 40, "fields": {"session_key": "vu2yc2vxfip4keqpq9acyxp759zuzdz6", "data_visita": "2025-05-29T21:47:08.826Z"}}, {"model": "portfolio.visitante", "pk": 41, "fields": {"session_key": "au3i3wkwr9932ezzh2bhq3ij4mfmhkzv", "data_visita": "2025-05-29T21:49:45.347Z"}}, {"model": "portfolio.visitante", "pk": 42, "fields": {"session_key": "xgp69n2uto0v4gv4cnxjsay1um61sj09", "data_visita": "2025-05-30T08:00:24.822Z"}}, {"model": "portfolio.visitante", "pk": 43, "fields": {"session_key": "bg1ezktdiks4kx6yumpdyez7etg4gupy", "data_visita": "2025-05-30T12:22:25.899Z"}}, {"model": "portfolio.visitante", "pk": 44, "fields": {"session_key": "6fqv9f9lzfb0hnd09luale3n0onoygdy", "data_visita": "2025-05-30T12:26:44.115Z"}}, {"model": "portfolio.visitante", "pk": 45, "fields": {"session_key": "rmiux17ehgrjr3qx23dme7977srteh9o", "data_visita": "2025-05-30T12:27:18.451Z"}}, {"model": "portfolio.visitante", "pk": 46, "fields": {"session_key": "8zcn3u5163ttdrleypy2pcbuvaafe90u", "data_visita": "2025-05-30T12:30:33.713Z"}}, {"model": "portfolio.visitante", "pk": 47, "fields": {"session_key": "af84f4ugondfz3duqm6u7djknefco1od", "data_visita": "2025-05-30T12:36:29.765Z"}}, {"model": "portfolio.professor", "pk": 1, "fields": {"nome": "Lucio", "email": "lucio@gmail.com", "disciplina": "Web", "foto": ""}}, {"model": "portfolio.professor", "pk": 2, "fields": {"nome": "Duarte Neves", "email": "dn@gmail.com", "disciplina": "LP2", "foto": ""}}, {"model": "portfolio.professor", "pk": 3, "fields": {"nome": "houda", "email": "houda@gmail.com", "disciplina": "Redes", "foto": ""}}, {"model": "portfolio.interesse", "pk": 1, "fields": {"nome": "Web Development", "descricao": "", "projetos": [], "disciplinas": [], "tecnologias": [2]}}, {"model": "portfolio.interesse", "pk": 2, "fields": {"nome": "POO", "descricao": "", "projetos": [], "disciplinas": [], "tecnologias": [4]}}, {"model": "portfolio.interesse", "pk": 3, "fields": {"nome": "Arduinos", "descricao": "", "projetos": [], "disciplinas": [], "tecnologias": [1]}}, {"model": "portfolio.interesse", "pk": 4, "fields": {"nome": "teste", "descricao": "teste", "projetos": [1], "disciplinas": [2], "tecnologias": [1]}}]